{
  "$schema": "https://raw.githubusercontent.com/spdx/spdx-spec/v2.2.1/schemas/spdx-schema.json",
  "spdxVersion": "SPDX-2.2",
  "dataLicense": "CC0-1.0",
  "SPDXID": "SPDXRef-DOCUMENT",
  "documentNamespace": "https://spdx.org/spdxdocs/proj-x64-windows-9.4.1#1-ca76bef0-549f-44e3-8072-fa2b1d80035c",
  "name": "proj:x64-windows@9.4.1#1 da602b0857f5dc7af11a6577e62ad20f2833b8b1716a4f580ca8c28c146f908e",
  "creationInfo": {
    "creators": [
      "Tool: vcpkg-2024-09-18-5f5da308dd1dd3cc49641c60eafff176e248a9dd"
    ],
    "created": "2024-09-29T04:00:36Z"
  },
  "relationships": [
    {
      "spdxElementId": "SPDXRef-port",
      "relationshipType": "GENERATES",
      "relatedSpdxElement": "SPDXRef-binary"
    },
    {
      "spdxElementId": "SPDXRef-port",
      "relationshipType": "CONTAINS",
      "relatedSpdxElement": "SPDXRef-file-0"
    },
    {
      "spdxElementId": "SPDXRef-port",
      "relationshipType": "CONTAINS",
      "relatedSpdxElement": "SPDXRef-file-1"
    },
    {
      "spdxElementId": "SPDXRef-port",
      "relationshipType": "CONTAINS",
      "relatedSpdxElement": "SPDXRef-file-2"
    },
    {
      "spdxElementId": "SPDXRef-port",
      "relationshipType": "CONTAINS",
      "relatedSpdxElement": "SPDXRef-file-3"
    },
    {
      "spdxElementId": "SPDXRef-port",
      "relationshipType": "CONTAINS",
      "relatedSpdxElement": "SPDXRef-file-4"
    },
    {
      "spdxElementId": "SPDXRef-port",
      "relationshipType": "CONTAINS",
      "relatedSpdxElement": "SPDXRef-file-5"
    },
    {
      "spdxElementId": "SPDXRef-port",
      "relationshipType": "CONTAINS",
      "relatedSpdxElement": "SPDXRef-file-6"
    },
    {
      "spdxElementId": "SPDXRef-binary",
      "relationshipType": "GENERATED_FROM",
      "relatedSpdxElement": "SPDXRef-port"
    },
    {
      "spdxElementId": "SPDXRef-file-0",
      "relationshipType": "CONTAINED_BY",
      "relatedSpdxElement": "SPDXRef-port"
    },
    {
      "spdxElementId": "SPDXRef-file-1",
      "relationshipType": "CONTAINED_BY",
      "relatedSpdxElement": "SPDXRef-port"
    },
    {
      "spdxElementId": "SPDXRef-file-2",
      "relationshipType": "CONTAINED_BY",
      "relatedSpdxElement": "SPDXRef-port"
    },
    {
      "spdxElementId": "SPDXRef-file-3",
      "relationshipType": "CONTAINED_BY",
      "relatedSpdxElement": "SPDXRef-port"
    },
    {
      "spdxElementId": "SPDXRef-file-4",
      "relationshipType": "CONTAINED_BY",
      "relatedSpdxElement": "SPDXRef-port"
    },
    {
      "spdxElementId": "SPDXRef-file-5",
      "relationshipType": "CONTAINED_BY",
      "relatedSpdxElement": "SPDXRef-port"
    },
    {
      "spdxElementId": "SPDXRef-file-6",
      "relationshipType": "CONTAINED_BY",
      "relatedSpdxElement": "SPDXRef-port"
    }
  ],
  "packages": [
    {
      "name": "proj",
      "SPDXID": "SPDXRef-port",
      "versionInfo": "9.4.1#1",
      "downloadLocation": "git+https://github.com/Microsoft/vcpkg@3ea3cfc72b4b1d43a359755953f4792daadef34a",
      "homepage": "https://proj.org/",
      "licenseConcluded": "MIT",
      "licenseDeclared": "NOASSERTION",
      "copyrightText": "NOASSERTION",
      "description": "PROJ library for cartographic projections",
      "comment": "This is the port (recipe) consumed by vcpkg."
    },
    {
      "name": "proj:x64-windows",
      "SPDXID": "SPDXRef-binary",
      "versionInfo": "da602b0857f5dc7af11a6577e62ad20f2833b8b1716a4f580ca8c28c146f908e",
      "downloadLocation": "NONE",
      "licenseConcluded": "MIT",
      "licenseDeclared": "NOASSERTION",
      "copyrightText": "NOASSERTION",
      "comment": "This is a binary package built by vcpkg."
    },
    {
      "SPDXID": "SPDXRef-resource-1",
      "name": "OSGeo/PROJ",
      "downloadLocation": "git+https://github.com/OSGeo/PROJ@9.4.1",
      "licenseConcluded": "NOASSERTION",
      "licenseDeclared": "NOASSERTION",
      "copyrightText": "NOASSERTION",
      "checksums": [
        {
          "algorithm": "SHA512",
          "checksumValue": "4b3ceb9e3b2213b0bb2fc839f4dd70e08ee53323465c7bb473131907e4b66c836623da115c7413dfd8bafd0a992fa173003063e2233ab577139ab8462655b6cc"
        }
      ]
    }
  ],
  "files": [
    {
      "fileName": "./C:/vcpkg/buildtrees/versioning_/versions/proj/3ea3cfc72b4b1d43a359755953f4792daadef34a/fix-gcc-version-less-8.patch",
      "SPDXID": "SPDXRef-file-0",
      "checksums": [
        {
          "algorithm": "SHA256",
          "checksumValue": "8abc177e9249f92cebaaa44cab7ba437569cfa2bff1d4970d9159347798ad383"
        }
      ],
      "licenseConcluded": "NOASSERTION",
      "copyrightText": "NOASSERTION"
    },
    {
      "fileName": "./C:/vcpkg/buildtrees/versioning_/versions/proj/3ea3cfc72b4b1d43a359755953f4792daadef34a/fix-proj4-targets-cmake.patch",
      "SPDXID": "SPDXRef-file-1",
      "checksums": [
        {
          "algorithm": "SHA256",
          "checksumValue": "d76e1d419d3367dda3381fd11a637f3465bc838d611fa8ceaca20048c1b3cd6e"
        }
      ],
      "licenseConcluded": "NOASSERTION",
      "copyrightText": "NOASSERTION"
    },
    {
      "fileName": "./C:/vcpkg/buildtrees/versioning_/versions/proj/3ea3cfc72b4b1d43a359755953f4792daadef34a/fix-win-output-name.patch",
      "SPDXID": "SPDXRef-file-2",
      "checksums": [
        {
          "algorithm": "SHA256",
          "checksumValue": "706e536cfe9a90c1b071ab5b00932fa96bb35c67fcb0f96c0fc4feb7c0b44011"
        }
      ],
      "licenseConcluded": "NOASSERTION",
      "copyrightText": "NOASSERTION"
    },
    {
      "fileName": "./C:/vcpkg/buildtrees/versioning_/versions/proj/3ea3cfc72b4b1d43a359755953f4792daadef34a/portfile.cmake",
      "SPDXID": "SPDXRef-file-3",
      "checksums": [
        {
          "algorithm": "SHA256",
          "checksumValue": "d533d7777c5398fec17ece20c976f488b1065a8dd3740a54a195fe63e5c3e10b"
        }
      ],
      "licenseConcluded": "NOASSERTION",
      "copyrightText": "NOASSERTION"
    },
    {
      "fileName": "./C:/vcpkg/buildtrees/versioning_/versions/proj/3ea3cfc72b4b1d43a359755953f4792daadef34a/remove_toolset_restriction.patch",
      "SPDXID": "SPDXRef-file-4",
      "checksums": [
        {
          "algorithm": "SHA256",
          "checksumValue": "25c1c986673bd539f5ec920684a08b38d0d37d9e24b6793e5b79dbd717bde04e"
        }
      ],
      "licenseConcluded": "NOASSERTION",
      "copyrightText": "NOASSERTION"
    },
    {
      "fileName": "./C:/vcpkg/buildtrees/versioning_/versions/proj/3ea3cfc72b4b1d43a359755953f4792daadef34a/usage",
      "SPDXID": "SPDXRef-file-5",
      "checksums": [
        {
          "algorithm": "SHA256",
          "checksumValue": "26169363c27e71a44cba9d703b22bbd13c191ab5e2d0612b3dd35c735c971fe6"
        }
      ],
      "licenseConcluded": "NOASSERTION",
      "copyrightText": "NOASSERTION"
    },
    {
      "fileName": "./C:/vcpkg/buildtrees/versioning_/versions/proj/3ea3cfc72b4b1d43a359755953f4792daadef34a/vcpkg.json",
      "SPDXID": "SPDXRef-file-6",
      "checksums": [
        {
          "algorithm": "SHA256",
          "checksumValue": "78764ae31803f7da61d30971d6e07d1a80b2c6eeab19b6ee181fbc9be715786c"
        }
      ],
      "licenseConcluded": "NOASSERTION",
      "copyrightText": "NOASSERTION"
    }
  ]
}
